City_ID,City,Lat,Lng,Max Temp,Humidity,Cloudiness,Wind Speed,Country,Date
0,shohimardon,39.9839,71.8028,20.43,43,0,0.48,UZ,1691632707
1,jamestown,42.097,-79.2353,20.8,68,0,2.06,US,1691632028
2,college,64.8569,-147.8028,22.55,70,75,4.63,US,1691632145
3,ushuaia,-54.8,-68.3,4.81,75,40,1.03,AR,1691632148
4,puerto natales,-51.7236,-72.4875,2.09,94,77,1.52,CL,1691632141
5,nemuro,43.3236,145.575,20.52,95,100,6.83,JP,1691632708
6,snihurivka,47.0758,32.8052,15.96,67,0,4.19,UA,1691632708
7,dudinka,69.4058,86.1778,13.68,63,100,9.5,RU,1691632147
8,bilibino,68.0546,166.4372,16.92,40,95,3.0,RU,1691631983
9,adamstown,-25.066,-130.1015,19.28,58,95,9.49,PN,1691632145
10,bethel,41.3712,-73.414,25.17,71,0,2.57,US,1691632130
11,whitehorse,60.7161,-135.0538,21.72,37,75,2.06,CA,1691631975
12,edinburgh of the seven seas,-37.0676,-12.3116,10.71,53,69,11.07,SH,1691632143
13,west island,-12.1568,96.8225,25.99,78,75,6.17,CC,1691632142
14,sterling,39.0062,-77.4286,26.79,72,75,2.24,US,1691632651
15,chonchi,-42.6128,-73.8092,9.56,91,96,3.99,CL,1691632188
16,port saint john's,-31.6229,29.5448,16.37,87,49,3.88,ZA,1691632178
17,kodiak,57.79,-152.4072,13.73,82,100,2.06,US,1691632154
18,vorkuta,67.5,64.0,11.55,71,75,4.87,RU,1691632152
19,waitangi,-43.9535,-176.5597,11.01,76,5,2.68,NZ,1691632146
20,saint-pierre,-21.3393,55.4781,19.82,64,40,4.12,RE,1691632711
21,constantia,44.1833,28.65,18.38,71,65,6.57,RO,1691632176
22,kuta,-8.7233,115.1723,23.97,88,40,1.54,ID,1691632711
23,huarmey,-10.0681,-78.1522,19.52,83,22,4.22,PE,1691632711
24,todos santos,23.45,-110.2167,29.13,77,17,3.21,MX,1691632712
25,guixi,28.2886,117.2133,30.53,71,36,1.04,CN,1691632712
26,edson,53.5835,-116.4356,19.08,63,0,4.63,CA,1691632712
27,port-vila,-17.7338,168.3219,24.78,53,40,5.66,VU,1691632517
28,mount isa,-20.7333,139.5,25.87,27,8,5.14,AU,1691632144
29,margaret river,-33.95,115.0667,11.08,83,100,1.48,AU,1691632156
30,kirkwall,58.9848,-2.9587,12.76,87,100,1.54,GB,1691632713
31,huayin,34.5675,110.0921,31.08,54,11,0.95,CN,1691632713
32,antsiranana,-12.2787,49.2917,19.75,85,0,2.16,MG,1691632713
33,blackmans bay,-43.0167,147.3167,14.07,76,99,2.89,AU,1691632140
34,iqaluit,63.7506,-68.5145,5.85,100,100,3.09,CA,1691632142
35,tabou,4.423,-7.3528,24.1,83,100,5.05,CI,1691632713
36,grytviken,-54.2811,-36.5092,-4.95,95,93,1.87,GS,1691632141
37,kayenta,36.7278,-110.2546,27.49,26,93,7.42,US,1691632714
38,port-aux-francais,-49.35,70.2167,3.38,84,100,10.57,TF,1691632143
39,calvinia,-31.4707,19.776,13.92,26,0,3.24,ZA,1691632714
40,isafjordur,66.0755,-23.124,7.09,81,48,3.27,IS,1691632167
41,sigtuna,59.6173,17.7236,12.45,93,75,4.12,SE,1691632714
42,nahariyya,33.0059,35.0941,27.95,67,16,0.97,IL,1691632715
43,new norfolk,-42.7826,147.0587,14.72,77,100,2.74,AU,1691632162
44,castillos,-34.1667,-53.8333,14.25,93,100,5.8,UY,1691632667
45,atafu village,-8.5421,-172.5159,28.02,79,36,6.49,TK,1691632145
46,richards bay,-28.783,32.0377,18.68,71,99,2.01,ZA,1691632715
47,turaif,31.6725,38.6637,23.14,25,0,4.12,SA,1691632715
48,kapuskasing,49.4169,-82.4331,19.05,72,75,1.54,CA,1691632716
49,mar del plata,-38.0023,-57.5575,12.83,94,75,3.6,AR,1691631905
50,san borja,-14.8167,-66.85,25.36,57,1,0.65,BO,1691632178
51,christchurch,-43.5333,172.6333,8.56,71,100,9.26,NZ,1691632060
52,fale old settlement,-9.3852,-171.2468,28.02,79,25,7.03,TK,1691632181
53,east london,-33.0153,27.9116,16.33,81,6,7.54,ZA,1691632157
54,wailua homesteads,22.0669,-159.378,31.24,74,75,9.77,US,1691632178
55,hamilton,39.1834,-84.5333,23.47,88,75,4.12,US,1691632147
56,olonkinbyen,70.9221,-8.7187,6.58,98,100,3.64,SJ,1691632145
57,gangtok,27.3333,88.6167,21.1,88,63,1.13,IN,1691632305
58,yellowknife,62.456,-114.3525,21.29,40,75,5.14,CA,1691632159
59,margate,51.3813,1.3862,15.39,83,0,3.14,GB,1691632717
60,altai,46.3722,96.2583,16.13,53,4,4.32,MN,1691632717
61,hermanus,-34.4187,19.2345,12.67,75,0,3.9,ZA,1691632186
62,port elizabeth,-33.918,25.5701,14.16,88,0,2.57,ZA,1691632163
63,sarmiento,-45.5882,-69.07,11.31,73,100,7.24,AR,1691632718
64,fort stockton,30.894,-102.8793,40.03,13,75,4.12,US,1691632718
65,bredasdorp,-34.5322,20.0403,9.88,89,1,1.76,ZA,1691632151
66,talnakh,69.4865,88.3972,13.45,56,100,2.11,RU,1691632158
67,fortuna,40.5982,-124.1573,20.52,83,75,5.14,US,1691632169
68,albany,42.6001,-73.9662,20.44,80,1,2.21,US,1691632143
69,permet,40.2336,20.3517,18.65,66,73,0.89,AL,1691632718
70,debre mark'os,10.35,37.7333,10.22,95,100,0.83,ET,1691632719
71,salalah,17.0151,54.0924,26.05,94,100,4.12,OM,1691632216
72,utrik,11.2278,169.8474,28.3,71,64,5.1,MH,1691632183
73,raduzhny,62.0961,77.475,10.55,96,100,6.02,RU,1691632719
74,tazacorte,28.629,-17.9293,23.54,93,0,6.69,ES,1691632100
75,fandriana,-20.2333,47.3833,9.77,93,0,1.13,MG,1691632719
76,codrington,-38.2667,141.9667,11.99,74,99,6.72,AU,1691632198
77,zarah sharan,33.1467,68.7917,22.5,52,0,1.48,AF,1691632720
78,uvel'skiy,54.4446,61.3574,14.02,83,27,3.74,RU,1691632720
79,puerto ayora,-0.7393,-90.3518,24.19,91,37,2.68,EC,1691632142
80,luderitz,-26.6481,15.1594,23.23,40,100,4.63,NA,1691632174
81,vadso,70.0744,29.7487,18.49,88,9,2.57,NO,1691632166
82,ilulissat,69.2167,-51.1,5.01,100,100,3.09,GL,1691632149
83,nuuk,64.1835,-51.7216,4.34,100,100,6.17,GL,1691632202
84,kingston,17.997,-76.7936,30.53,85,20,5.66,JM,1691632080
85,aasiaat,68.7098,-52.8699,3.13,90,90,4.44,GL,1691632140
86,gadzhiyevo,69.2551,33.3362,17.33,77,0,3.55,RU,1691632191
87,fort st. john,56.2499,-120.8529,21.94,46,75,4.63,CA,1691632198
88,ayr,55.4627,-4.6339,17.99,88,75,1.54,GB,1691632721
89,mapastepec,15.4333,-92.9,26.87,86,46,0.47,MX,1691632721
90,daru,-9.0763,143.2092,24.49,83,100,6.86,PG,1691632501
91,longyearbyen,78.2186,15.6401,10.91,54,0,4.12,SJ,1691632151
92,stanley,54.868,-1.6985,16.55,91,20,1.03,GB,1691631914
93,nar'yan-mar,67.6713,53.087,12.0,81,0,2.6,RU,1691632149
94,tralee,52.2704,-9.7026,15.49,91,20,3.91,IE,1691632225
95,petropavlovsk-kamchatsky,53.0452,158.6483,21.33,53,40,2.0,RU,1691632143
96,afaahiti,-17.75,-149.2833,27.93,71,100,6.68,PF,1691632148
97,lebu,-37.6167,-73.65,11.46,88,56,5.85,CL,1691631982
98,tiksi,71.6872,128.8694,20.98,39,37,3.07,RU,1691632166
99,gao,16.6362,1.637,29.66,57,24,5.36,ML,1691632723
100,sarpol-e zahab,34.4611,45.8626,32.91,15,0,2.75,IR,1691632723
101,carutapera,-1.195,-46.02,24.68,88,21,3.02,BR,1691632149
102,coursan,43.2337,3.0571,22.67,61,89,1.03,FR,1691632723
103,badger,64.8,-147.5333,22.51,73,75,4.63,US,1691632150
104,avarua,-21.2078,-159.775,25.03,65,75,7.72,CK,1691632158
105,notodden,59.5594,9.2585,12.22,92,99,2.09,NO,1691632723
106,mandera,3.9366,41.867,24.83,58,92,6.56,KE,1691632724
107,pandan,14.0453,124.1694,30.96,64,69,2.87,PH,1691632724
108,ust-nera,64.5667,143.2,20.73,45,6,1.5,RU,1691632142
109,rhinelander,45.6366,-89.4121,19.09,72,20,0.0,US,1691632724
110,rio grande,-32.035,-52.0986,15.53,94,100,7.84,BR,1691631926
111,emerald,-23.5333,148.1667,21.3,50,0,2.83,AU,1691632685
112,port mathurin,-19.6833,63.4167,22.3,74,7,5.93,MU,1691632158
113,dunedin,-45.8742,170.5036,8.78,52,68,3.13,NZ,1691632194
114,taltal,-25.4,-70.4833,15.87,80,92,2.66,CL,1691632222
115,la foa,-21.7108,165.8276,18.94,62,76,8.48,NC,1691632725
116,puerto baquerizo moreno,-0.9,-89.6,23.68,80,64,3.05,EC,1691632172
117,newman,37.3138,-121.0208,34.05,49,0,1.79,US,1691632140
118,weno,7.4515,151.8468,28.35,74,88,4.07,FM,1691632170
119,quellon,-43.1167,-73.6167,11.14,87,75,6.17,CL,1691631974
120,punta arenas,-53.15,-70.9167,3.95,93,100,3.56,CL,1691632161
121,berezovyy,51.6667,135.7,22.1,53,92,1.87,RU,1691632726
122,chernomorskoye,45.5039,32.6997,21.93,65,0,8.25,UA,1691632726
123,remire-montjoly,4.9167,-52.2667,26.02,89,0,3.09,GF,1691632176
124,waddan,29.1614,16.139,23.24,67,0,2.86,LY,1691632726
125,torghay,49.6339,63.4981,21.42,67,19,2.29,KZ,1691632726
126,fomboni,-12.28,43.7425,24.68,75,0,7.26,KM,1691632726
127,praia da vitoria,38.7333,-27.0667,22.14,94,75,2.57,PT,1691632159
128,cabo san lucas,22.8909,-109.9124,32.01,75,5,4.57,MX,1691632682
129,lagos,6.5833,3.75,25.18,93,100,2.56,NG,1691632345
130,naxos,37.1056,25.3764,25.35,74,1,8.94,GR,1691632727
131,enewetak,11.3474,162.3373,28.75,75,74,6.35,MH,1691632155
132,alesund,62.4723,6.1549,11.06,94,100,4.12,NO,1691631897
133,cumana,10.4635,-64.1775,27.56,79,100,2.76,VE,1691632727
134,aldinga beach,-35.2793,138.4604,15.98,64,19,3.98,AU,1691632194
135,kikwit,-5.041,18.8162,24.84,53,32,0.99,CD,1691632728
136,zaozersk,69.4005,32.4476,18.34,74,0,1.92,RU,1691632224
137,ha'il,27.5219,41.6907,28.01,23,0,0.0,SA,1691632728
138,grande prairie,55.1667,-118.8027,19.1,68,75,0.0,CA,1691632568
139,chilaw,7.5758,79.7953,28.01,87,100,6.33,LK,1691632728
140,kostanay,53.1667,63.5833,17.16,77,0,5.0,KZ,1691632728
141,hawaiian paradise park,19.5933,-154.9731,27.73,74,75,3.6,US,1691632177
142,bom jesus,-9.0744,-44.3586,21.68,57,2,1.49,BR,1691632729
143,laibin,23.7,109.2667,29.8,73,46,1.92,CN,1691632729
144,oliver,49.1831,-119.5524,28.8,64,17,1.03,CA,1691632729
145,coquimbo,-29.9533,-71.3436,13.85,88,100,3.6,CL,1691631987
146,fethiye,36.6217,29.1164,22.93,74,0,0.68,TR,1691632729
147,vorgashor,67.5833,63.95,11.23,71,76,4.91,RU,1691632143
148,korla,41.7597,86.1469,30.68,20,0,6.83,CN,1691632216
149,chernyshevskiy,63.0128,112.4714,21.01,70,25,2.83,RU,1691632730
150,klyuchi,52.2667,79.1667,21.58,45,81,2.41,RU,1691632182
151,hadibu,12.65,54.0333,25.49,82,100,9.07,YE,1691632210
152,mitu,1.1983,-70.1733,22.45,98,80,0.61,CO,1691632167
153,reedsburg,43.5325,-90.0026,23.17,64,40,3.09,US,1691632730
154,happy valley-goose bay,53.3168,-60.3315,16.17,82,100,2.06,CA,1691632199
155,bathsheba,13.2167,-59.5167,28.34,89,20,4.63,BB,1691632731
156,arkhangel'sk,64.5401,40.5433,15.69,92,0,2.18,RU,1691632731
157,vilyuchinsk,52.9306,158.4028,22.15,66,2,2.61,RU,1691632174
158,cascais,38.6979,-9.4215,20.64,85,3,7.15,PT,1691632731
159,mariinsk,56.2139,87.7472,19.29,62,70,3.3,RU,1691632731
160,metlili chaamba,32.2667,3.6333,30.52,18,0,1.54,DZ,1691632731
161,glace bay,46.1969,-59.957,19.32,97,100,4.12,CA,1691632732
162,turhal,40.3875,36.0811,19.84,89,96,1.55,TR,1691632732
163,kabompo,-13.5927,24.2008,14.95,36,2,3.97,ZM,1691632732
164,sparti,37.0733,22.4297,23.3,90,0,0.58,GR,1691632732
165,ternate,0.8,127.4,28.02,71,81,4.43,ID,1691632733
166,nueva gerona,21.8833,-82.8,30.11,70,4,1.62,CU,1691632733
167,kyabe,9.4515,18.9449,19.99,97,100,0.75,TD,1691632733
168,kyzylorda,44.8528,65.5092,23.01,53,0,2.0,KZ,1691632733
169,georgetown,5.4112,100.3354,26.96,87,40,3.6,MY,1691631912
170,north bend,43.4065,-124.2243,22.73,83,40,4.63,US,1691632734
171,mejit,10.2753,170.8646,28.04,70,78,4.89,MH,1691632734
172,oytal,42.9057,73.2697,28.08,29,0,1.88,KZ,1691632734
173,calp,38.6447,0.0445,26.77,88,50,3.74,ES,1691632734
174,saint-philippe,-21.3585,55.7679,19.77,83,39,3.97,RE,1691632698
175,bambang,16.3833,121.1,30.93,60,88,1.79,PH,1691632734
176,papatowai,-46.5619,169.4708,5.66,73,40,3.53,NZ,1691632158
177,marsabit,2.3284,37.9899,15.61,77,55,7.97,KE,1691632735
178,el granada,37.5027,-122.4694,26.15,83,100,7.72,US,1691632735
179,el alto,-4.2714,-81.2147,21.81,86,26,7.01,PE,1691632735
180,mount gambier,-37.8333,140.7667,11.88,70,100,3.69,AU,1691632165
181,caleta de carquin,-11.0925,-77.6267,19.12,83,22,4.76,PE,1691632210
182,egilsstadir,65.2653,-14.3948,6.95,81,75,1.03,IS,1691632165
183,ivdel',60.6911,60.4206,14.46,92,100,1.78,RU,1691632735
184,anadyr,64.75,177.4833,13.28,66,75,5.0,RU,1691632166
185,zag,46.9441,99.165,17.55,52,21,1.24,MN,1691632736
186,ndele,8.4109,20.6473,19.76,98,100,0.55,CF,1691632736
187,geraldton,-28.7667,114.6,15.23,72,100,4.63,AU,1691632204
188,at taj,24.2049,23.2857,29.45,30,3,4.36,LY,1691632202
189,stephenville,32.2207,-98.2023,38.07,22,0,2.57,US,1691632207
190,nueve de julio,-35.4444,-60.8831,9.98,84,100,0.45,AR,1691632736
191,labrador city,52.9463,-66.9114,11.95,94,100,2.57,CA,1691632098
192,bucerias,20.75,-105.3333,25.55,89,37,1.59,MX,1691632737
193,tidjikja,18.5564,-11.4271,32.45,25,2,5.48,MR,1691632669
194,absecon,39.4285,-74.4957,26.09,71,0,3.6,US,1691632437
195,mersa matruh,31.3525,27.2453,26.11,73,0,2.57,EG,1691632184
196,hampton bays,40.869,-72.5176,25.48,82,0,1.54,US,1691632737
197,moussoro,13.6408,16.4901,24.26,83,100,4.68,TD,1691632557
198,fort bragg,35.139,-79.006,27.17,72,75,0.0,US,1691632192
199,uyskoye,54.3775,60.0047,15.79,79,29,2.24,RU,1691632738
200,dakhla,23.6848,-15.958,20.47,92,21,9.2,EH,1691632196
201,motygino,58.1831,94.7592,16.69,82,100,1.72,RU,1691632738
202,lucapa,-8.4192,20.7447,18.99,34,6,1.23,AO,1691632738
203,ecoporanga,-18.3733,-40.8306,19.01,94,45,1.12,BR,1691632738
204,lihue,21.9789,-159.3672,31.58,67,75,9.77,US,1691632165
205,neiafu,-18.65,-173.9833,28.38,74,20,1.03,TO,1691632738
206,greymouth,-42.4667,171.2,8.75,47,0,2.13,NZ,1691632172
207,meadow lakes,61.6247,-149.6011,17.69,84,75,0.0,US,1691632724
208,colonia,50.9333,6.95,14.34,84,0,0.51,DE,1691632198
209,airway heights,47.6446,-117.5933,27.32,30,40,8.75,US,1691632739
210,katsuura,35.1333,140.3,27.83,78,98,4.5,JP,1691632691
211,mzimba,-11.9,33.6,11.91,76,1,4.55,MW,1691632739
212,kone,-21.0595,164.8658,19.85,59,83,6.75,NC,1691632726
213,ayacucho,-13.1583,-74.2239,13.13,74,24,1.9,PE,1691632679
214,kourou,5.1552,-52.6478,26.03,87,29,3.83,GF,1691632726
215,sinop,41.7711,34.8709,18.4,92,82,0.5,TR,1691632740
216,navalmoral de la mata,39.8916,-5.5406,27.2,34,1,1.89,ES,1691632740
217,bogale,16.2833,95.4,27.81,82,100,3.55,MM,1691632740
218,qaqortoq,60.7167,-46.0333,6.26,83,10,1.11,GL,1691632153
219,port augusta,-32.5,137.7667,15.44,52,0,4.0,AU,1691632189
220,samsun,41.25,36.3333,21.9,80,100,0.98,TR,1691632741
221,naha,26.2125,127.6811,30.38,81,20,3.09,JP,1691632741
222,taraz,42.9,71.3667,22.23,64,0,3.0,KZ,1691632741
223,pisco,-13.7,-76.2167,19.03,82,0,7.2,PE,1691632195
224,kilimatinde,-5.85,34.95,16.55,71,2,1.29,TZ,1691632741
225,kununurra,-15.7667,128.7333,28.99,24,33,4.12,AU,1691632171
226,ust'-ilimsk,58.0006,102.6619,19.53,66,100,2.13,RU,1691632741
227,togur,58.3631,82.8265,13.12,99,100,3.39,RU,1691632742
228,lazaro cardenas,17.9583,-102.2,28.58,79,100,0.27,MX,1691632156
229,guerrero negro,27.9769,-114.0611,22.8,80,3,7.93,MX,1691632742
230,aitape,-3.1374,142.3475,29.73,68,77,2.55,PG,1691632742
231,udachny,66.4167,112.4,18.03,48,88,7.34,RU,1691632161
232,ostroda,53.6967,19.9649,11.38,78,100,2.33,PL,1691632212
233,palikir - national government center,6.9248,158.1611,30.47,79,100,2.06,FM,1691632207
234,brisas de zicatela,15.8369,-97.0419,29.29,61,40,0.0,MX,1691632154
235,hailun,47.45,126.9333,22.45,75,3,2.18,CN,1691632743
236,sitka,57.0531,-135.33,15.94,82,100,5.14,US,1691632171
237,kangding,30.0513,101.9603,20.51,77,100,1.06,CN,1691632743
238,invercargill,-46.4,168.35,6.68,74,22,2.24,NZ,1691632743
239,fisterra,42.9049,-9.2629,20.97,90,79,7.0,ES,1691632177
240,queenstown,-31.8976,26.8753,8.56,84,29,1.13,ZA,1691632744
241,holualoa,19.6228,-155.9522,28.91,73,40,6.17,US,1691632159
242,bamboo flat,11.7,92.7167,29.05,84,40,3.6,IN,1691632174
243,nova vicosa,-17.8919,-39.3719,21.96,74,7,3.12,BR,1691632744
244,timimoun,29.2639,0.231,32.21,13,0,4.12,DZ,1691632744
245,new plymouth,-39.0667,174.0833,7.4,81,99,6.78,NZ,1691632744
246,nagqu,31.5,92.0,11.14,68,41,2.47,CN,1691632193
247,sinabang,2.4803,96.3801,25.49,87,100,1.86,ID,1691632037
248,nieuw amsterdam,5.8833,-55.0833,27.79,83,24,5.08,SR,1691632681
249,majene,-3.5403,118.9707,28.13,69,99,5.07,ID,1691632745
250,roma,43.2128,-75.4557,21.08,76,0,2.06,US,1691631906
251,volkhov,59.9258,32.3382,14.46,87,68,1.21,RU,1691632745
252,port lincoln,-34.7333,135.8667,14.52,56,32,3.86,AU,1691632148
253,cannonvale,-20.2833,148.7,19.66,62,33,6.51,AU,1691632746
254,whitecourt,54.1502,-115.6855,16.58,94,75,5.14,CA,1691632746
255,hovd,48.0056,91.6419,18.24,62,7,2.09,MN,1691632212
256,ciudad acuna,29.3232,-100.9522,41.16,22,0,5.66,MX,1691632746
257,missoula,47.0166,-113.8009,14.22,86,100,1.12,US,1691632746
258,niafunke,15.9322,-3.9906,33.44,40,100,5.27,ML,1691632747
259,banamba,13.55,-7.45,25.44,74,100,4.39,ML,1691632747
260,padang,-0.9492,100.3543,29.03,83,74,1.44,ID,1691632692
261,peterhead,57.5058,-1.7981,12.22,80,82,1.72,GB,1691632747
262,minas de marcona,-15.2119,-75.1103,12.85,86,23,4.85,PE,1691632156
263,khovd,48.0056,91.6419,18.24,62,7,2.09,MN,1691632180
264,darwin,-12.4611,130.8418,29.94,42,20,7.2,AU,1691632748
265,colonia menno,-22.3667,-59.8167,22.55,53,0,2.21,PY,1691632748
266,ribeira grande,38.5167,-28.7,21.54,87,100,2.24,PT,1691632159
267,la'ie,21.6477,-157.9253,31.98,67,7,8.84,US,1691632172
268,haiku-pauwela,20.9219,-156.3051,30.01,57,20,11.32,US,1691632174
269,forio,40.7342,13.8646,21.9,87,80,0.89,IT,1691632748
270,fada,9.5667,8.3,19.19,99,75,1.17,NG,1691632497
271,freetown,8.484,-13.2299,24.84,94,75,6.17,SL,1691632184
272,thompson,55.7435,-97.8558,20.09,45,20,1.54,CA,1691632749
273,sandnessjoen,66.0217,12.6316,16.29,76,6,4.99,NO,1691632186
274,fayetteville,35.0527,-78.8784,27.55,72,0,1.54,US,1691632513
275,akureyri,65.6835,-18.0878,7.96,81,75,2.06,IS,1691632571
276,talakan,50.3167,130.3667,21.33,64,94,1.36,RU,1691632749
277,ardakan,32.31,54.0175,27.02,24,0,3.08,IR,1691632750
278,turtas,58.9417,69.1325,12.7,67,8,3.15,RU,1691632750
279,ketchikan,55.3422,-131.6461,15.26,94,100,6.17,US,1691632750
280,dalandzadgad,43.5708,104.425,25.97,44,100,2.87,MN,1691632192
281,barcelos,41.5388,-8.6151,19.4,93,12,1.25,PT,1691631994
282,san antonio de pale,-1.4014,5.6325,23.62,79,96,5.38,GQ,1691632150
283,sept-iles,50.2001,-66.3821,14.47,98,100,8.23,CA,1691632750
284,miracema do tocantins,-9.5618,-48.3967,28.62,35,70,1.31,BR,1691632751
285,peace river,56.2501,-117.286,17.17,100,100,2.57,CA,1691632751
286,vilyuysk,63.7553,121.6247,23.4,37,0,5.13,RU,1691632187
287,clevelandia,-26.3958,-52.4708,14.02,97,94,1.58,BR,1691632751
288,lata,40.1629,-8.3327,18.29,95,20,1.04,PT,1691632165
289,khandyga,62.6667,135.6,24.5,34,10,1.11,RU,1691632750
290,alamos,27.0167,-108.9333,23.43,93,95,5.34,MX,1691632752
291,harper,4.375,-7.7169,24.19,83,100,5.13,LR,1691632203
292,iskateley,67.6803,53.1512,11.94,81,0,2.57,RU,1691632169
293,nova sintra,14.8667,-24.7167,22.78,73,89,7.64,CV,1691632155
294,yashan,22.1975,109.9419,28.31,82,99,1.95,CN,1691632752
295,ad dilam,23.9915,47.1627,31.23,10,0,2.5,SA,1691632752
296,verkhneural'sk,53.8769,59.2106,14.93,80,16,2.26,RU,1691632752
297,charlottetown,46.2352,-63.1267,19.32,98,100,3.09,CA,1691632161
298,pailon,-17.65,-62.75,24.5,49,0,2.5,BO,1691632753
299,kailua-kona,19.6406,-155.9956,30.98,73,40,6.17,US,1691632658
300,filadelfia,39.9523,-75.1638,26.14,69,20,1.54,US,1691632522
301,susuman,62.7833,148.1667,14.32,49,6,1.11,RU,1691632197
302,scone,56.4194,-3.4051,16.05,89,9,1.88,GB,1691632753
303,namibe,-15.1961,12.1522,15.93,90,20,3.83,AO,1691632505
304,tucuma,-0.1833,-50.05,24.78,90,14,3.63,BR,1691632692
305,balcesti,44.6167,23.95,18.94,55,100,2.57,RO,1691632754
306,sittwe,20.15,92.9,26.28,88,100,4.0,MM,1691632754
307,kazimierza wielka,50.2656,20.4936,14.47,95,86,2.15,PL,1691632754
308,port erin,54.0849,-4.751,15.88,96,93,4.58,IM,1691632755
309,erdenet,49.0333,104.0833,19.71,76,3,1.95,MN,1691632755
310,grand-bassam,5.2118,-3.7388,24.98,86,100,4.76,CI,1691632755
311,san julian,21.0167,-102.1667,15.89,78,100,3.95,MX,1691632182
312,veraval,20.9,70.3667,27.03,85,100,7.56,IN,1691632755
313,okhotsk,59.3833,143.3,17.96,62,16,3.94,RU,1691632172
314,broome,42.2506,-75.833,19.83,92,96,0.89,US,1691632184
315,chui,-33.6971,-53.4616,14.64,93,99,5.65,UY,1691632183
316,bakchar,57.0186,82.0711,13.87,98,100,3.55,RU,1691632756
317,williams lake,52.1415,-122.1445,16.76,77,75,2.06,CA,1691632477
318,gaiman,-43.2897,-65.4929,16.38,34,89,7.99,AR,1691632756
319,niimi,34.9833,133.4667,31.41,81,100,9.04,JP,1691632757
320,siwa oasis,29.2041,25.5195,27.7,48,0,3.23,EG,1691632722
321,la passe,45.5549,-0.8967,23.13,61,21,2.57,FR,1691632192
322,malanje,-9.5402,16.341,17.77,56,31,1.39,AO,1691632757
323,touros,-5.1989,-35.4608,23.89,83,56,5.97,BR,1691632200
324,alofi,-19.0595,-169.9187,27.94,83,75,3.09,NU,1691632162
325,reuleuet,5.2167,96.2833,28.32,66,90,0.25,ID,1691632757
326,kavieng,-2.5744,150.7967,28.49,74,99,7.16,PG,1691632174
327,guane,22.2025,-84.0875,27.9,80,6,1.63,CU,1691632758
328,panacan,9.2463,118.4082,29.34,71,99,1.59,PH,1691632758
329,sao gabriel da cachoeira,-0.1303,-67.0892,24.0,88,57,0.67,BR,1691632211
330,kristiansund,63.1115,7.732,10.36,87,40,1.54,NO,1691632758
331,selfoss,63.9331,-20.9971,11.14,75,100,2.55,IS,1691632735
332,prado,-17.3411,-39.2208,21.6,75,1,3.01,BR,1691632759
333,rongelap,11.1635,166.8941,28.26,75,13,4.62,MH,1691632210
334,palmer,42.1584,-72.3287,23.23,73,20,2.06,US,1691632147
335,lytham st annes,53.7426,-2.997,19.34,91,100,1.91,GB,1691632759
336,itoman,26.1247,127.6694,30.43,81,20,3.09,JP,1691632759
337,wenchang,30.904,118.4887,30.21,69,92,2.04,CN,1691632760
338,taulaga,-11.0553,-171.0883,27.97,79,76,6.77,AS,1691632760
339,east ballina,-28.8667,153.5833,22.11,44,0,2.7,AU,1691632220
340,gutierrez zamora,20.45,-97.0833,28.44,81,3,6.24,MX,1691632760
341,saint croix,17.7397,-64.7388,29.25,74,0,5.14,VI,1691632760
342,lorengau,-2.0226,147.2712,28.49,75,100,7.27,PG,1691632218
343,paris,48.8534,2.3488,17.3,87,0,2.06,FR,1691632757
344,tymovskoye,50.8456,142.655,21.87,60,100,0.99,RU,1691632761
345,mahina,-17.5065,-149.489,28.87,54,20,2.06,PF,1691632761
346,coronel marcelino mariduena,-2.2,-79.4167,24.66,79,78,1.6,EC,1691632761
347,polyarnyy,69.1989,33.4478,17.09,78,0,3.57,RU,1691632173
348,youssoufia,32.2463,-8.5294,25.1,65,15,3.59,MA,1691632761
349,okha,53.5739,142.9478,15.92,78,92,3.54,RU,1691632187
350,st. john's,47.5649,-52.7093,13.21,92,100,8.23,CA,1691632225
351,saipan,15.1355,145.701,29.39,100,0,4.12,MP,1691632762
352,la sarre,48.8002,-79.1996,13.22,94,85,2.63,CA,1691632762
353,lompoc,34.6391,-120.4579,24.08,82,100,2.57,US,1691632682
354,vernon,50.2581,-119.2691,27.2,45,46,3.58,CA,1691632225
355,vuktyl,63.8567,57.3094,14.81,76,54,2.97,RU,1691632763
356,una,20.8167,71.0333,26.53,85,100,5.51,IN,1691632584
357,maiduguri,11.8464,13.1603,22.49,91,100,2.93,NG,1691632763
358,puerto real,36.5282,-6.1901,25.34,70,0,1.53,ES,1691632763
359,san angelo,31.4638,-100.437,39.12,26,0,4.12,US,1691632763
360,lensk,60.7253,114.9278,27.45,44,14,2.46,RU,1691632763
361,tibro,58.4245,14.1616,12.09,97,100,1.79,SE,1691632764
362,paramonga,-10.6667,-77.8333,19.14,84,33,4.07,PE,1691632764
363,lae,-6.7221,146.9847,25.37,92,100,2.69,PG,1691632764
364,metu,8.3,35.5833,14.22,99,98,1.03,ET,1691632764
365,duck lake,52.8168,-106.2344,18.05,44,100,3.36,CA,1691632764
366,hitachi,36.6,140.65,31.53,77,96,3.6,JP,1691632765
367,swift current,50.2834,-107.8014,19.45,59,0,10.29,CA,1691632483
368,chibougamau,49.9168,-74.3659,19.79,64,75,1.54,CA,1691632765
369,stornoway,58.2093,-6.3865,15.05,93,100,2.57,GB,1691632765
370,tual,-5.6667,132.75,25.65,80,72,9.62,ID,1691632765
371,comal,29.8169,-98.3003,36.05,53,6,3.58,US,1691632492
372,meulaboh,4.1363,96.1285,25.12,87,100,0.58,ID,1691632766
373,severodvinsk,64.5635,39.8302,15.3,94,0,2.92,RU,1691632766
374,fuerte olimpo,-21.0415,-57.8738,24.66,58,0,0.68,PY,1691632766
375,baikonur,45.6167,63.3167,26.49,45,0,3.95,KZ,1691632766
376,ciudad victoria,23.7333,-99.1333,29.49,45,75,6.17,MX,1691632766
377,carnarvon,-24.8667,113.6333,22.65,56,2,1.95,AU,1691632212
378,"laikit, laikit ii (dimembe)",1.4792,124.9735,30.47,55,20,6.69,ID,1691632767
379,karratha,-20.7377,116.8463,26.01,32,44,3.96,AU,1691632767
380,kudat,6.8837,116.8477,30.96,70,20,3.6,MY,1691632767
381,tolanaro,-25.0319,46.9987,19.04,94,40,2.06,MG,1691632188
382,cockburn town,21.4612,-71.1419,28.71,78,80,7.33,TC,1691632176
383,naze,28.3667,129.4833,28.51,79,14,5.52,JP,1691632768
384,xacmaz,41.4635,48.806,27.16,58,0,1.35,AZ,1691632768
385,barra de santo antonio,-9.4047,-35.5072,22.6,80,4,4.57,BR,1691632768
386,keflavik,64.0049,-22.5624,11.95,82,0,3.09,IS,1691632768
387,northam,51.0333,-4.2167,15.9,85,1,4.19,GB,1691632178
388,charnay-les-macon,46.3075,4.7848,18.35,91,0,1.56,FR,1691632769
389,smithers,54.7804,-127.1743,19.18,42,75,4.12,CA,1691632769
390,kupang,-10.1667,123.5833,29.32,51,20,7.72,ID,1691632680
391,khandela,27.6,75.5,26.25,74,65,4.6,IN,1691632769
392,cody,44.5263,-109.0565,25.11,34,63,3.13,US,1691632522
393,grand baie,-20.0182,57.5802,21.92,69,0,1.34,MU,1691632770
394,mata-utu,-13.2816,-176.1745,28.02,77,41,5.8,WF,1691632770
395,oyo,7.85,3.9333,21.23,97,100,2.96,NG,1691632770
396,san agustin de valle fertil,-30.6335,-67.4682,11.86,55,100,1.34,AR,1691632770
397,topolobampo,25.6,-109.05,30.83,66,54,2.21,MX,1691632771
398,tazovsky,67.4667,78.7,7.73,87,100,9.43,RU,1691632491
399,gaspe,48.8334,-64.4819,16.12,100,100,4.63,CA,1691632771
400,whangarei,-35.7317,174.3239,12.39,83,47,3.82,NZ,1691632771
401,bubaque,11.2833,-15.8333,26.61,83,100,2.63,GW,1691632514
402,kargasok,59.0556,80.8572,10.84,97,100,3.99,RU,1691632771
403,chilliwack,49.1747,-121.9443,22.29,68,81,1.54,CA,1691632535
404,oak hill,37.9723,-81.1487,21.56,89,100,0.45,US,1691632772
405,romblon,12.5751,122.2708,28.83,75,97,3.35,PH,1691632772
406,galliano,29.4422,-90.2992,31.0,70,40,3.09,US,1691632523
407,bhadarwah,32.9833,75.7167,21.61,90,97,0.12,IN,1691632772
408,beterou,9.1992,2.2586,22.11,99,100,2.49,BJ,1691632563
409,al qadarif,14.0349,35.3834,23.53,84,43,5.22,SD,1691632773
410,ulladulla,-35.35,150.4667,18.01,48,75,7.22,AU,1691632132
411,chaves,33.3834,-104.4505,33.52,18,2,2.35,US,1691632773
412,youhao,47.8667,128.8333,21.7,88,100,1.77,CN,1691632773
413,vila franca do campo,37.7167,-25.4333,23.23,94,99,3.79,PT,1691632177
414,bengkulu,-3.8004,102.2655,26.67,74,14,1.39,ID,1691632774
415,bardai,11.65,7.2333,21.06,94,98,3.62,NG,1691632774
416,severo-yeniseyskiy,60.3725,93.0408,16.42,62,37,2.96,RU,1691632220
417,briviesca,42.5499,-3.3232,22.08,52,0,2.67,ES,1691632774
418,naracoorte,-36.9579,140.7383,11.65,81,97,4.01,AU,1691632774
419,flying fish cove,-10.4217,105.6791,25.82,73,40,6.17,CX,1691632488
420,itaituba,-4.2761,-55.9836,26.12,66,17,1.03,BR,1691632775
421,turabah,21.2141,41.6331,26.04,27,7,3.5,SA,1691632775
422,horta,38.5333,-28.6333,20.57,86,100,3.58,PT,1691632775
423,sao joao da barra,-21.6403,-41.0511,21.4,85,93,4.99,BR,1691632675
424,tabarka,36.9544,8.758,17.36,82,0,0.0,TN,1691632775
425,bada,51.392,109.8717,18.67,94,100,1.37,RU,1691632775
426,diawara,15.022,-12.5437,30.25,51,100,6.15,SN,1691632776
427,middleton grange,-33.9147,150.8424,23.58,38,1,4.92,AU,1691632776
428,muana,-1.5283,-49.2167,23.67,94,61,2.6,BR,1691632776
429,hithadhoo,-0.6,73.0833,27.1,75,77,2.35,MV,1691632186
430,tura,25.5198,90.2201,25.2,94,100,1.0,IN,1691632196
431,argo,37.6333,22.7333,23.21,76,0,1.05,GR,1691632776
432,choyr,46.3611,108.3611,19.42,60,100,4.62,MN,1691632776
433,gimcheon,36.1218,128.1198,21.62,100,100,3.09,KR,1691632777
434,shantobe,52.4581,68.1839,19.25,44,100,3.2,KZ,1691632777
435,tillaberi,14.2117,1.4531,27.87,70,100,4.77,NE,1691632777
436,basoko,1.2391,23.616,21.99,94,85,1.62,CD,1691632777
437,sainte-anne-des-monts,49.124,-66.4924,11.93,100,100,0.51,CA,1691632572
438,cururupu,-1.8283,-44.8683,23.89,91,58,1.77,BR,1691632200
439,suva,-18.1416,178.4415,27.71,57,40,3.09,FJ,1691632179
440,jorhat,26.75,94.2167,25.5,98,100,1.15,IN,1691632719
441,zheleznodorozhnyy,55.7503,38.0042,15.75,81,37,2.48,RU,1691632778
442,coalcoman de vazquez pallares,18.7833,-103.15,19.8,94,100,0.46,MX,1691632778
443,usakos,-22.0,15.6,20.54,34,98,3.71,NA,1691632779
444,bambanglipuro,-7.95,110.2833,25.87,67,21,3.63,ID,1691632779
445,qarqaraly,49.4058,75.4742,19.54,65,98,4.07,KZ,1691632779
446,kirkland lake,48.1446,-80.0377,20.16,64,89,2.06,CA,1691632650
447,tan-tan,28.438,-11.1032,20.95,89,11,3.36,MA,1691632779
448,yarmouth,41.7057,-70.2286,23.9,73,0,4.02,US,1691632780
449,al jawf,29.5,38.75,28.28,27,0,3.38,SA,1691632682
450,khash,28.2211,61.2158,25.46,22,2,1.79,IR,1691632780
451,fayroz koh,34.5195,65.2509,14.72,45,0,0.69,AF,1691632780
452,zhangye,38.9342,100.4517,22.49,64,98,5.52,CN,1691632780
453,runing,33.0011,114.3542,29.91,71,0,2.05,CN,1691632780
454,kathu,7.9178,98.3332,29.83,73,97,2.28,TH,1691632780
455,capao da canoa,-29.7456,-50.0097,15.89,96,100,5.2,BR,1691632781
456,ngaruawahia,-37.6674,175.1555,12.54,86,95,5.81,NZ,1691632781
457,datong,40.0936,113.2914,27.22,58,25,2.63,CN,1691632781
458,lebedyn,50.5852,34.4849,13.35,87,4,3.22,UA,1691632781
459,tobruk,32.0836,23.9764,25.86,67,0,3.85,LY,1691632719
460,hillsboro,45.5229,-122.9898,27.66,61,40,2.57,US,1691632615
461,santander jimenez,24.2167,-98.4667,28.61,72,0,8.57,MX,1691632782
462,bel ombre,-4.6167,55.4167,24.91,88,20,2.06,SC,1691632766
463,anloga,5.7947,0.8973,24.38,88,99,5.76,GH,1691632782
464,bosobolo,4.1833,19.9,21.07,99,100,0.95,CD,1691632782
465,as sulayyil,20.4607,45.5779,29.14,13,2,0.85,SA,1691632782
466,arraial do cabo,-22.9661,-42.0278,20.86,85,41,8.07,BR,1691632543
467,bemidji,47.4736,-94.8803,18.28,76,0,2.57,US,1691632783
468,borogontsy,62.6683,131.1683,22.93,34,61,4.05,RU,1691632225
469,hastings,50.8552,0.5729,15.69,79,0,1.62,GB,1691632493
470,papao,-17.75,-149.55,28.82,73,100,7.34,PF,1691632783
471,manuguru,17.981,80.7547,26.25,86,100,1.29,IN,1691632783
472,tshabong,-26.05,22.45,11.46,33,0,8.11,BW,1691632783
473,kurmuk,10.55,34.2833,19.91,90,100,1.37,SD,1691632784
474,steinbach,50.1667,8.5667,16.15,84,0,0.51,DE,1691632784
475,attapeu,14.8,106.8333,28.78,74,100,0.7,LA,1691632784
476,walvis bay,-22.9575,14.5053,12.83,94,92,4.12,NA,1691632214
477,bonny,4.4522,7.1681,24.75,87,100,4.38,NG,1691632784
478,hell-ville,-13.4,48.2667,23.41,75,12,1.89,MG,1691632784
479,mayqayyng,51.4625,75.7986,24.72,38,99,3.43,KZ,1691632784
480,mizque,-17.941,-65.3402,15.76,76,0,1.79,BO,1691632785
481,miyang,24.4042,103.4428,22.05,91,100,0.51,CN,1691632785
482,winder,33.9926,-83.7202,26.41,74,40,0.0,US,1691632785
483,am timan,11.0297,20.2827,21.06,97,100,0.95,TD,1691632785
484,tottori,35.5,134.2333,33.04,55,75,8.75,JP,1691632785
485,nantucket,41.2835,-70.0995,24.45,71,0,5.14,US,1691632186
486,weyburn,49.6668,-103.8511,16.12,67,70,5.66,CA,1691632785
487,flin flon,54.7682,-101.865,15.67,50,12,2.21,CA,1691632786
488,pamandzi,-12.7967,45.2794,24.88,78,40,6.69,YT,1691632786
489,taoudenni,22.6783,-3.9836,36.59,27,30,5.46,ML,1691632786
490,laguna,38.421,-121.4238,33.08,42,0,5.14,US,1691632091
491,nishon tumani,38.694,65.6751,22.14,53,0,0.0,UZ,1691632786
492,kalispell,48.1958,-114.3129,18.61,77,40,4.12,US,1691632703
493,damasak,13.0977,12.4952,24.13,83,100,2.85,NG,1691632786
494,morales,2.757,-76.6172,16.0,86,38,0.82,CO,1691632787
495,rosarito,32.3333,-117.0333,25.13,75,24,2.74,MX,1691632787
496,tsaratanana,-16.7833,47.65,18.44,81,0,3.89,MG,1691632787
497,revda,56.801,59.9303,17.25,78,100,1.98,RU,1691632222
498,ambon,-3.6954,128.1814,27.08,74,40,3.6,ID,1691632787
499,yuncheng,35.0231,110.9928,30.63,57,1,3.26,CN,1691632787
500,kayangel,8.0823,134.7173,27.51,80,59,7.24,PW,1691632787
501,seryshevo,51.0933,128.3786,20.88,66,98,2.91,RU,1691632788
502,mukalla,14.5425,49.1242,28.72,70,72,1.88,YE,1691632788
503,masterton,-40.9597,175.6575,6.05,97,100,1.58,NZ,1691632686
504,jijiga,9.35,42.8,15.81,84,100,6.27,ET,1691632211
505,zhytkavichy,52.2168,27.8561,13.99,70,100,2.1,BY,1691632788
506,soio,-6.1349,12.3689,21.49,93,49,2.57,AO,1691632736
507,san ignacio de velasco,-16.3667,-60.95,26.31,41,24,1.18,BO,1691632788
508,sim,54.993,57.6982,15.19,83,59,0.21,RU,1691632789
509,sarangani,5.4033,125.4636,28.08,75,92,6.87,PH,1691632789
510,roshchino,60.2519,29.6085,14.17,86,46,2.0,RU,1691632789
511,waiuku,-37.25,174.75,14.03,87,90,4.57,NZ,1691632789
512,santa ana,33.7456,-117.8678,27.58,83,75,3.6,US,1691632668
513,obihiro,42.9172,143.2044,27.67,77,100,1.2,JP,1691632790
514,morondava,-20.2833,44.2833,19.43,79,0,2.52,MG,1691632790
515,marsa alam,25.0757,34.8918,31.08,45,0,2.86,EG,1691632122
516,nuku'alofa,-21.1333,-175.2,24.19,83,75,3.6,TO,1691632790
517,bocas del toro,9.3333,-82.25,25.12,82,100,2.77,PA,1691632790
518,labytnangi,66.6572,66.4183,13.67,64,37,2.68,RU,1691632790
519,karatuzskoye,53.6072,92.8667,17.34,82,96,1.41,RU,1691632791
520,bonthe,7.5264,-12.505,24.47,93,100,6.18,SL,1691632195
521,ocos,14.5094,-92.1933,28.54,75,73,1.0,GT,1691632791
522,hasaki,35.7333,140.8333,32.94,79,100,4.55,JP,1691632791
523,turpan,42.9333,89.1667,35.15,21,4,0.82,CN,1691632665
524,laurel,39.0993,-76.8483,27.05,76,40,1.54,US,1691632547
525,alice springs,-23.7,133.8833,24.75,19,0,3.6,AU,1691632498
526,cabedelo,-6.9811,-34.8339,24.37,82,21,6.38,BR,1691632791
527,chegdomyn,51.1167,133.0167,26.43,36,12,1.04,RU,1691632792
528,lethem,3.3803,-59.7968,26.89,68,99,1.98,GY,1691632748
529,uturoa,-16.7333,-151.4333,24.94,71,81,8.02,PF,1691632676
530,santa lucia,27.9117,-15.5407,20.62,65,20,12.35,ES,1691632792
531,langsa,4.4683,97.9683,25.91,84,100,0.78,ID,1691632792
532,tabina,7.4669,123.4081,28.79,70,92,2.37,PH,1691632792
533,gagnoa,6.1293,-5.9437,21.17,98,100,2.14,CI,1691632792
534,prince albert,53.2001,-105.7677,17.97,59,100,6.17,CA,1691632793
535,betare oya,5.6,14.0833,19.14,97,100,0.72,CM,1691632793
536,chul'man,56.8479,124.9104,23.76,43,44,5.11,RU,1691632793
537,ola,59.5833,151.2833,21.19,54,5,2.26,RU,1691632198
538,tindouf,27.6711,-8.1474,35.25,10,0,2.57,DZ,1691632793
539,berryville,36.3648,-93.568,22.25,85,37,1.5,US,1691632793
540,luninyets,52.2472,26.8047,14.75,72,100,2.61,BY,1691632793
541,altamont,42.2068,-121.7372,27.66,37,7,3.13,US,1691632794
542,vila velha,-20.3297,-40.2925,22.97,88,40,4.63,BR,1691632794
543,kapa'a,22.0752,-159.319,31.99,74,75,9.77,US,1691632196
544,pijijiapan,15.7011,-93.23,26.62,87,32,0.81,MX,1691632794
545,port blair,11.6667,92.75,29.02,84,40,3.6,IN,1691632794
546,soure,-0.7167,-48.5233,26.33,83,33,6.13,BR,1691632670
547,carauari,-4.8828,-66.8958,24.21,86,44,0.62,BR,1691632794
548,tromso,69.6496,18.957,16.32,77,3,2.06,NO,1691632507
549,dryden,49.7833,-92.7503,14.16,77,75,3.09,CA,1691632795
550,ouro preto,-20.3948,-43.5052,12.34,95,2,0.78,BR,1691632795
551,onega,63.9061,38.1404,14.47,87,0,3.02,RU,1691632795
552,mary,37.0,62.5,27.09,29,0,2.12,TM,1691632795
553,villa gesell,-37.2639,-56.973,12.81,96,96,5.76,AR,1691632686
554,sarakhs,36.5449,61.1577,26.97,27,0,3.35,IR,1691632795
555,tzaneen,-23.8332,30.1635,12.5,90,83,1.3,ZA,1691632796
556,paoua,7.2427,16.4406,19.05,97,100,0.79,CF,1691632796
557,yuzhno-kurilsk,44.0306,145.8556,21.86,91,100,5.77,RU,1691632796
558,angaur state,6.906,134.13,28.27,80,100,9.02,PW,1691632201
559,buta,2.7858,24.73,20.51,99,92,1.22,CD,1691632796
560,berdigestyakh,62.0989,126.6992,23.07,43,2,4.53,RU,1691632796
561,usogorsk,63.4106,48.6872,16.77,79,20,0.05,RU,1691632796
562,muravlenko,63.7898,74.523,10.08,77,100,9.04,RU,1691632797
563,nizhneangarsk,55.7833,109.55,13.62,99,100,1.86,RU,1691632797
564,kuraymah,18.55,31.85,31.25,47,43,3.28,SD,1691632797
565,wellington,-41.2866,174.7756,7.81,89,100,10.29,NZ,1691632206
566,saynshand,44.8824,110.1163,26.92,38,97,5.41,MN,1691632797
567,kibiti,-7.7218,38.9375,19.07,96,41,0.94,TZ,1691632798
568,guarapari,-20.6667,-40.4975,22.16,90,81,2.07,BR,1691632798
569,cavelossim,15.1726,73.9419,25.99,84,89,0.44,IN,1691632798
570,el rosario,24.2556,-107.1828,29.15,75,21,1.39,MX,1691632798
571,sheridan,44.8333,-106.9173,25.94,37,82,1.81,US,1691632798
572,aquitania,5.5197,-72.8875,7.43,94,44,0.47,CO,1691632799
573,plessisville,46.2186,-71.762,15.0,88,0,1.9,CA,1691632799
574,luganville,-15.5333,167.1667,22.01,73,100,5.94,VU,1691632799
575,terra boa,-23.7681,-52.4442,16.87,80,6,1.43,BR,1691632799
576,hopewell,37.3043,-77.2872,26.22,81,100,1.58,US,1691632532
577,fort mcmurray,56.7268,-111.381,13.77,94,100,5.66,CA,1691632799
578,mana,5.6592,-53.7767,25.68,89,12,5.1,GF,1691632800
579,melton south,-37.7077,144.5749,13.38,69,64,6.07,AU,1691632800
580,kralendijk,12.15,-68.2667,28.99,89,0,4.63,BQ,1691632667
581,talcahuano,-36.7167,-73.1167,12.82,94,100,3.09,CL,1691632516
582,cooma,-36.2333,149.1333,10.04,60,56,7.01,AU,1691632800
583,sabang,5.8933,95.3214,27.89,76,81,7.5,ID,1691632801
584,glen innes,-29.7333,151.7333,14.43,45,0,5.41,AU,1691632803
585,kronoby,63.7286,23.0339,15.51,89,0,0.51,FI,1691632806
586,teknaf,20.8624,92.3058,26.01,91,100,1.01,BD,1691632807
587,rurrenabaque,-14.4413,-67.5278,25.52,62,0,1.13,BO,1691632808
588,taro,-8.3862,115.28,20.0,54,23,0.66,ID,1691632808
589,bhadrachalam,17.6667,80.8833,26.23,87,100,0.61,IN,1691632809
590,tshela,-4.9833,12.9333,19.27,95,22,0.75,CD,1691632809
591,bikenibeu village,1.3673,173.1241,31.98,66,20,2.57,KI,1691632810
592,turkmenbasy,40.0222,52.9552,27.43,34,0,0.0,TM,1691632810
